{"cameraMode":{"drawMode":0,"name":"Shaded","section":"Shading Mode"},"sceneLighting":true,"audioPlay":false,"sceneViewState":{"showFog":true,"showMaterialUpdate":false,"showSkybox":true,"showFlares":true,"showImageEffects":true,"showParticleSystems":true},"in2DMode":false,"pivot":{"x":11.00850772857666,"y":11.317289352416993,"z":53.72024154663086},"rotation":{"x":-0.1452501118183136,"y":0.024333719164133073,"z":-0.003574407659471035,"w":-0.9890982508659363},"size":7.145989418029785,"orthographic":false}